{
    "Validity": 100.0,
    "Uniqueness": 98.0,
    "Novelty": 100.0,
    "QED_Mean": 0.3858790373869796,
    "LogP_Mean": 0.5672225000000004,
    "Similarity_Mean": 0.14162559855314355,
    "Similarity_Max": 0.21428571428571427
}