{
    "Validity": 100.0,
    "Uniqueness": 98.5,
    "Novelty": 100.0,
    "QED_Mean": 0.4947551154240024,
    "LogP_Mean": 0.6402939999999999,
    "Similarity_Mean": 0.13447198483281586,
    "Similarity_Max": 0.1956521739130435
}