{
    "Validity": 100.0,
    "Uniqueness": 100.0,
    "Novelty": 100.0,
    "QED_Mean": 0.21686508291332893,
    "LogP_Mean": -0.7518875,
    "Similarity_Mean": 0.12479184358782945,
    "Similarity_Max": 0.18181818181818182
}