{
    "Validity": 100.0,
    "Uniqueness": 99.5,
    "Novelty": 100.0,
    "QED_Mean": 0.3270528026913567,
    "LogP_Mean": -0.17902200000000007,
    "Similarity_Mean": 0.14967295815990445,
    "Similarity_Max": 0.20754716981132076
}